{
    "dataset": "weibo",
    "outliers": {
        "all": 347
    },
    "model": "adone",
    "epoch": 400,
    "auc": {
        "mean": 0.8087053196416168,
        "std": 0.05752366554734523,
        "max": 0.867385446864698
    },
    "ap": {
        "mean": 0.2342435638428615,
        "std": 0.07592670033707902,
        "max": 0.31482463259509785
    },
    "rec": {
        "mean": 0.6028140187263489,
        "std": 0.14627395570278168,
        "max": 0.7752161622047424
    },
    "pr": {
        "mean": 0.24872350692749023,
        "std": 0.060353223234415054,
        "max": 0.31985729932785034
    },
    "f1": {
        "mean": 0.3521489202976227,
        "std": 0.08544959872961044,
        "max": 0.4528619647026062
    },
    "time": {
        "mean": 47.464195251464844,
        "std": 4.217229843139648,
        "max": 52.66133117675781
    }
}