{
    "dataset": "reddit",
    "outliers": {
        "all": 366
    },
    "model": "adone",
    "epoch": 10,
    "auc": {
        "mean": 0.569554631685343,
        "std": 0.035464619702668135,
        "max": 0.6167812776942341
    },
    "ap": {
        "mean": 0.03948127012827995,
        "std": 0.005388342392385761,
        "max": 0.05228078345784626
    },
    "rec": {
        "mean": 0.10027322918176651,
        "std": 0.057209718972444534,
        "max": 0.21038250625133514
    },
    "pr": {
        "mean": 0.033393993973731995,
        "std": 0.019052555784583092,
        "max": 0.07006369531154633
    },
    "f1": {
        "mean": 0.050102390348911285,
        "std": 0.028585335239768028,
        "max": 0.10511945188045502
    },
    "time": {
        "mean": 1.7550933361053467,
        "std": 0.029388291761279106,
        "max": 1.8245651721954346
    }
}