{
    "dataset": "books",
    "outliers": {
        "all": 28
    },
    "model": "adone",
    "epoch": 300,
    "auc": {
        "mean": 0.5358967112024665,
        "std": 0.014410029979658505,
        "max": 0.5557040082219938
    },
    "ap": {
        "mean": 0.02436689764349832,
        "std": 0.0032030654758183194,
        "max": 0.03546762593483953
    },
    "rec": {
        "mean": 0.11785714328289032,
        "std": 0.03087517060339451,
        "max": 0.1785714328289032
    },
    "pr": {
        "mean": 0.023239437490701675,
        "std": 0.006088061723858118,
        "max": 0.035211268812417984
    },
    "f1": {
        "mean": 0.038823530077934265,
        "std": 0.010170644149184227,
        "max": 0.05882352963089943
    },
    "time": {
        "mean": 5.245645523071289,
        "std": 0.7990447878837585,
        "max": 6.039817810058594
    }
}