{
    "dataset": "reddit",
    "outliers": {
        "all": 366
    },
    "model": "adone",
    "epoch": 400,
    "auc": {
        "mean": 0.5312073425166256,
        "std": 0.03938874644864517,
        "max": 0.5700426742092766
    },
    "ap": {
        "mean": 0.03507056974535381,
        "std": 0.0035540711852749375,
        "max": 0.03891426501209124
    },
    "rec": {
        "mean": 0.09289617836475372,
        "std": 0.03839489817619324,
        "max": 0.12295082211494446
    },
    "pr": {
        "mean": 0.03093779645860195,
        "std": 0.012785258702933788,
        "max": 0.040946315973997116
    },
    "f1": {
        "mean": 0.04641703888773918,
        "std": 0.019182777032256126,
        "max": 0.061433445662260056
    },
    "time": {
        "mean": 64.74446105957031,
        "std": 0.7724465131759644,
        "max": 65.7872543334961
    }
}