{
    "dataset": "books",
    "outliers": {
        "all": 28
    },
    "model": "adone",
    "epoch": 100,
    "auc": {
        "mean": 0.5194552929085303,
        "std": 0.04279231233206751,
        "max": 0.556975847893114
    },
    "ap": {
        "mean": 0.02322559527218455,
        "std": 0.0035207278338107396,
        "max": 0.029810109517672545
    },
    "rec": {
        "mean": 0.11071429401636124,
        "std": 0.05037453770637512,
        "max": 0.25
    },
    "pr": {
        "mean": 0.021830987185239792,
        "std": 0.009933006949722767,
        "max": 0.04929577559232712
    },
    "f1": {
        "mean": 0.03647058829665184,
        "std": 0.016593964770436287,
        "max": 0.08235294371843338
    },
    "time": {
        "mean": 1.7658865451812744,
        "std": 0.24655182659626007,
        "max": 2.2501022815704346
    }
}