{
    "dataset": "reddit",
    "outliers": {
        "all": 366
    },
    "model": "adone",
    "epoch": 300,
    "auc": {
        "mean": 0.5348733707684754,
        "std": 0.03452263979931857,
        "max": 0.5874838016071275
    },
    "ap": {
        "mean": 0.035298929082275866,
        "std": 0.003375483833706001,
        "max": 0.041990471790346574
    },
    "rec": {
        "mean": 0.09549180418252945,
        "std": 0.032004307955503464,
        "max": 0.1284153014421463
    },
    "pr": {
        "mean": 0.03180163353681564,
        "std": 0.010658396407961845,
        "max": 0.04276615008711815
    },
    "f1": {
        "mean": 0.04771331697702408,
        "std": 0.01599123142659664,
        "max": 0.06416381895542145
    },
    "time": {
        "mean": 48.480499267578125,
        "std": 0.3862916827201843,
        "max": 49.35121154785156
    }
}