{
    "dataset": "books",
    "outliers": {
        "all": 28
    },
    "model": "adone",
    "epoch": 10,
    "auc": {
        "mean": 0.4578943987667009,
        "std": 0.06751492456639631,
        "max": 0.5814234326824255
    },
    "ap": {
        "mean": 0.022677646416581775,
        "std": 0.008924005403220593,
        "max": 0.052586390766304746
    },
    "rec": {
        "mean": 0.07857143878936768,
        "std": 0.035901762545108795,
        "max": 0.1785714328289032
    },
    "pr": {
        "mean": 0.015492956154048443,
        "std": 0.007079221308231354,
        "max": 0.035211268812417984
    },
    "f1": {
        "mean": 0.025882354006171227,
        "std": 0.011826463975012302,
        "max": 0.05882352963089943
    },
    "time": {
        "mean": 0.16458505392074585,
        "std": 0.014537161216139793,
        "max": 0.2043900489807129
    }
}