{
    "dataset": "enron",
    "outliers": {
        "all": 5
    },
    "model": "adone",
    "epoch": 10,
    "auc": {
        "mean": 0.39138379657007694,
        "std": 0.046626949054516864,
        "max": 0.45680070963926667
    },
    "ap": {
        "mean": 0.0006027792661446865,
        "std": 0.00018230215483743721,
        "max": 0.0010576162595296674
    },
    "rec": {
        "mean": 0.1600000113248825,
        "std": 0.08207827061414719,
        "max": 0.20000000298023224
    },
    "pr": {
        "mean": 0.000590978772379458,
        "std": 0.0003031663363799453,
        "max": 0.0007412898703478277
    },
    "f1": {
        "mean": 0.0011776079190894961,
        "std": 0.0006041013402864337,
        "max": 0.0014771048445254564
    },
    "time": {
        "mean": 2.468191623687744,
        "std": 0.05828649178147316,
        "max": 2.6692159175872803
    }
}