{
    "dataset": "disney",
    "outliers": {
        "all": 6
    },
    "model": "adone",
    "epoch": 300,
    "auc": {
        "mean": 0.478177966101695,
        "std": 0.03020115851181429,
        "max": 0.53954802259887
    },
    "ap": {
        "mean": 0.05729045912528704,
        "std": 0.0058032284147593,
        "max": 0.0702461405949778
    },
    "rec": {
        "mean": 0.05000000074505806,
        "std": 0.07836039364337921,
        "max": 0.1666666716337204
    },
    "pr": {
        "mean": 0.023076925426721573,
        "std": 0.03616633638739586,
        "max": 0.07692307978868484
    },
    "f1": {
        "mean": 0.031578946858644485,
        "std": 0.04949077218770981,
        "max": 0.10526315867900848
    },
    "time": {
        "mean": 5.36950159072876,
        "std": 1.4060685634613037,
        "max": 6.556854248046875
    }
}