{
    "dataset": "disney",
    "outliers": {
        "all": 6
    },
    "model": "adone",
    "epoch": 400,
    "auc": {
        "mean": 0.4916666666666666,
        "std": 0.04904780162972859,
        "max": 0.6271186440677966
    },
    "ap": {
        "mean": 0.058695184957685595,
        "std": 0.010212086135913526,
        "max": 0.08850968113479088
    },
    "rec": {
        "mean": 0.0416666679084301,
        "std": 0.07404360920190811,
        "max": 0.1666666716337204
    },
    "pr": {
        "mean": 0.01923076994717121,
        "std": 0.03417397662997246,
        "max": 0.07692307978868484
    },
    "f1": {
        "mean": 0.02631578966975212,
        "std": 0.04676438495516777,
        "max": 0.10526315867900848
    },
    "time": {
        "mean": 7.102930545806885,
        "std": 1.5115485191345215,
        "max": 8.773703575134277
    }
}