{
    "dataset": "enron",
    "outliers": {
        "all": 5
    },
    "model": "adone",
    "epoch": 400,
    "auc": {
        "mean": 0.48294241573033714,
        "std": 0.052136316990313854,
        "max": 0.5636014192785335
    },
    "ap": {
        "mean": 0.0006596777589967337,
        "std": 0.0003150164504634473,
        "max": 0.0017782233288512292
    },
    "rec": {
        "mean": 0.17000001668930054,
        "std": 0.07326950877904892,
        "max": 0.20000000298023224
    },
    "pr": {
        "mean": 0.0006277695647440851,
        "std": 0.00027056687395088375,
        "max": 0.0007385524222627282
    },
    "f1": {
        "mean": 0.0012509197695180774,
        "std": 0.0005391428130678833,
        "max": 0.0014716703444719315
    },
    "time": {
        "mean": 91.44404602050781,
        "std": 0.7421995401382446,
        "max": 93.39717102050781
    }
}