{
    "dataset": "enron",
    "outliers": {
        "all": 5
    },
    "model": "adone",
    "epoch": 300,
    "auc": {
        "mean": 0.5022043169722058,
        "std": 0.017366942667300295,
        "max": 0.5334269662921348
    },
    "ap": {
        "mean": 0.0008113515849564555,
        "std": 0.0004492918239387929,
        "max": 0.0019012946481942819
    },
    "rec": {
        "mean": 0.1900000274181366,
        "std": 0.04472136124968529,
        "max": 0.20000000298023224
    },
    "pr": {
        "mean": 0.0007016247836872935,
        "std": 0.00016514533490408212,
        "max": 0.0007385524222627282
    },
    "f1": {
        "mean": 0.0013980867806822062,
        "std": 0.00032907549757510424,
        "max": 0.0014716703444719315
    },
    "time": {
        "mean": 68.8396224975586,
        "std": 0.6110996007919312,
        "max": 69.80347442626953
    }
}