{
    "dataset": "weibo",
    "outliers": {
        "all": 347
    },
    "model": "adone",
    "epoch": 10,
    "auc": {
        "mean": 0.8066113615766956,
        "std": 0.03257436005045084,
        "max": 0.897743878494746
    },
    "ap": {
        "mean": 0.1848752371997619,
        "std": 0.04399820108716608,
        "max": 0.28024838031449756
    },
    "rec": {
        "mean": 0.4511527419090271,
        "std": 0.08987364917993546,
        "max": 0.6714697480201721
    },
    "pr": {
        "mean": 0.18614743649959564,
        "std": 0.03708222880959511,
        "max": 0.2770511209964752
    },
    "f1": {
        "mean": 0.263552188873291,
        "std": 0.052501946687698364,
        "max": 0.39225590229034424
    },
    "time": {
        "mean": 1.3119161128997803,
        "std": 0.12263061851263046,
        "max": 1.5693409442901611
    }
}