{
    "dataset": "disney",
    "outliers": {
        "all": 6
    },
    "model": "adone",
    "epoch": 100,
    "auc": {
        "mean": 0.48340395480225984,
        "std": 0.031244880941695963,
        "max": 0.5466101694915254
    },
    "ap": {
        "mean": 0.06082640832594486,
        "std": 0.006797276520971546,
        "max": 0.07728974954584711
    },
    "rec": {
        "mean": 0.0833333283662796,
        "std": 0.08549819886684418,
        "max": 0.1666666716337204
    },
    "pr": {
        "mean": 0.03846153989434242,
        "std": 0.03946070745587349,
        "max": 0.07692307978868484
    },
    "f1": {
        "mean": 0.05263157933950424,
        "std": 0.05399886146187782,
        "max": 0.10526315867900848
    },
    "time": {
        "mean": 1.6512877941131592,
        "std": 0.6355485916137695,
        "max": 2.19366192817688
    }
}