{
    "dataset": "weibo",
    "outliers": {
        "all": 347
    },
    "model": "adone",
    "epoch": 300,
    "auc": {
        "mean": 0.802587730686182,
        "std": 0.1031830844350309,
        "max": 0.8628209172261907
    },
    "ap": {
        "mean": 0.25371429866339695,
        "std": 0.07010334300307075,
        "max": 0.31064285677023745
    },
    "rec": {
        "mean": 0.6265736222267151,
        "std": 0.16596218943595886,
        "max": 0.7636887431144714
    },
    "pr": {
        "mean": 0.2585268020629883,
        "std": 0.06847667694091797,
        "max": 0.3151010572910309
    },
    "f1": {
        "mean": 0.36602872610092163,
        "std": 0.09695097804069519,
        "max": 0.4461279511451721
    },
    "time": {
        "mean": 34.933406829833984,
        "std": 3.1561365127563477,
        "max": 39.80463790893555
    }
}