{
    "dataset": "enron",
    "outliers": {
        "all": 5
    },
    "model": "adone",
    "epoch": 100,
    "auc": {
        "mean": 0.45924452986398584,
        "std": 0.05747764967286846,
        "max": 0.5255322294500295
    },
    "ap": {
        "mean": 0.000789936640889679,
        "std": 0.0005067097850268625,
        "max": 0.002638135629156795
    },
    "rec": {
        "mean": 0.18000002205371857,
        "std": 0.06155870109796524,
        "max": 0.20000000298023224
    },
    "pr": {
        "mean": 0.0006646971451118588,
        "std": 0.00022732163779437542,
        "max": 0.0007385524222627282
    },
    "f1": {
        "mean": 0.0013245033333078027,
        "std": 0.0004529705620370805,
        "max": 0.0014716703444719315
    },
    "time": {
        "mean": 23.075984954833984,
        "std": 0.21806608140468597,
        "max": 23.47479248046875
    }
}