{
    "dataset": "disney",
    "outliers": {
        "all": 6
    },
    "model": "adone",
    "epoch": 10,
    "auc": {
        "mean": 0.4644774011299434,
        "std": 0.05333137994615959,
        "max": 0.5550847457627119
    },
    "ap": {
        "mean": 0.059705343910193165,
        "std": 0.012037222642314261,
        "max": 0.09152228094422182
    },
    "rec": {
        "mean": 0.06666666269302368,
        "std": 0.08377078175544739,
        "max": 0.1666666716337204
    },
    "pr": {
        "mean": 0.030769232660531998,
        "std": 0.03866343945264816,
        "max": 0.07692307978868484
    },
    "f1": {
        "mean": 0.04210526496171951,
        "std": 0.05290786176919937,
        "max": 0.10526315867900848
    },
    "time": {
        "mean": 0.20684735476970673,
        "std": 0.03461586311459541,
        "max": 0.23253583908081055
    }
}