{
    "dataset": "books",
    "outliers": {
        "all": 28
    },
    "model": "adone",
    "epoch": 400,
    "auc": {
        "mean": 0.5329072456320658,
        "std": 0.023800476607542594,
        "max": 0.5653776978417266
    },
    "ap": {
        "mean": 0.02392900058228954,
        "std": 0.0033744352681030322,
        "max": 0.03252993116535492
    },
    "rec": {
        "mean": 0.10178571939468384,
        "std": 0.043779242783784866,
        "max": 0.1785714328289032
    },
    "pr": {
        "mean": 0.020070422440767288,
        "std": 0.008632526732981205,
        "max": 0.035211268812417984
    },
    "f1": {
        "mean": 0.033529412001371384,
        "std": 0.014421396888792515,
        "max": 0.05882352963089943
    },
    "time": {
        "mean": 6.4264068603515625,
        "std": 0.8885371088981628,
        "max": 8.31461238861084
    }
}