{
    "dataset": "weibo",
    "outliers": {
        "all": 347
    },
    "model": "adone",
    "epoch": 100,
    "auc": {
        "mean": 0.7943321826058813,
        "std": 0.10197785077155111,
        "max": 0.860051013437878
    },
    "ap": {
        "mean": 0.24715056547870728,
        "std": 0.06615544317948568,
        "max": 0.31446186440061646
    },
    "rec": {
        "mean": 0.593508243560791,
        "std": 0.1610182821750641,
        "max": 0.7636887431144714
    },
    "pr": {
        "mean": 0.24488390982151031,
        "std": 0.06643678992986679,
        "max": 0.3151010572910309
    },
    "f1": {
        "mean": 0.34671273827552795,
        "std": 0.09406286478042603,
        "max": 0.4461279511451721
    },
    "time": {
        "mean": 11.645633697509766,
        "std": 1.0429770946502686,
        "max": 13.442686080932617
    }
}