{
    "dataset": "reddit",
    "outliers": {
        "all": 366
    },
    "model": "adone",
    "epoch": 100,
    "auc": {
        "mean": 0.5299629161018459,
        "std": 0.04161746373870117,
        "max": 0.5941938475441744
    },
    "ap": {
        "mean": 0.0351709793828761,
        "std": 0.004643374650389421,
        "max": 0.04567781243455615
    },
    "rec": {
        "mean": 0.07800546288490295,
        "std": 0.05245448648929596,
        "max": 0.16393442451953888
    },
    "pr": {
        "mean": 0.025978246703743935,
        "std": 0.01746879704296589,
        "max": 0.054595086723566055
    },
    "f1": {
        "mean": 0.03897620365023613,
        "std": 0.026209203526377678,
        "max": 0.08191126585006714
    },
    "time": {
        "mean": 16.2751522064209,
        "std": 0.17307257652282715,
        "max": 16.526470184326172
    }
}